{"model": "agent-inc-rl-v4", "before": 0.3266666666666667, "after": 0.6473863636363636, "delta": 0.321}